-- phpMyAdmin SQL Dump
-- version 4.1.12
-- http://www.phpmyadmin.net
--
-- Host: 127.0.0.1
-- Generation Time: Jul 31, 2018 at 06:51 AM
-- Server version: 5.5.36
-- PHP Version: 5.4.27

SET SQL_MODE = "NO_AUTO_VALUE_ON_ZERO";
SET time_zone = "+00:00";


/*!40101 SET @OLD_CHARACTER_SET_CLIENT=@@CHARACTER_SET_CLIENT */;
/*!40101 SET @OLD_CHARACTER_SET_RESULTS=@@CHARACTER_SET_RESULTS */;
/*!40101 SET @OLD_COLLATION_CONNECTION=@@COLLATION_CONNECTION */;
/*!40101 SET NAMES utf8 */;

--
-- Database: `employees`
--

-- --------------------------------------------------------

--
-- Table structure for table `analisa_alternatif`
--

CREATE TABLE IF NOT EXISTS `analisa_alternatif` (
  `alternatif_pertama` varchar(4) NOT NULL,
  `nilai_analisa_alternatif` double NOT NULL,
  `hasil_analisa_alternatif` double NOT NULL,
  `alternatif_kedua` varchar(4) NOT NULL,
  `id_kriteria` varchar(2) NOT NULL,
  PRIMARY KEY (`alternatif_pertama`,`alternatif_kedua`,`id_kriteria`),
  KEY `alternatif_kedua` (`alternatif_kedua`),
  KEY `id_kriteria` (`id_kriteria`)
) ENGINE=InnoDB DEFAULT CHARSET=latin1;

--
-- Dumping data for table `analisa_alternatif`
--

INSERT INTO `analisa_alternatif` (`alternatif_pertama`, `nilai_analisa_alternatif`, `hasil_analisa_alternatif`, `alternatif_kedua`, `id_kriteria`) VALUES
('A001', 1, 0.20134228187919, 'A001', 'C1'),
('A001', 1, 0.2247191011236, 'A001', 'C2'),
('A001', 1, 0.057024453729708, 'A001', 'C3'),
('A001', 1, 0.048357785375245, 'A001', 'C4'),
('A001', 1, 0.05604645291593, 'A001', 'C5'),
('A001', 1, 0.20368574199806, 'A002', 'C1'),
('A001', 3, 0.15929203539823, 'A002', 'C2'),
('A001', 5, 0.12819850132213, 'A002', 'C3'),
('A001', 7, 0.15913420087021, 'A002', 'C4'),
('A001', 0.5, 0.037632646603456, 'A002', 'C5'),
('A001', 5, 0.17237809297029, 'A003', 'C1'),
('A001', 3, 0.1781860340676, 'A003', 'C2'),
('A001', 0.2, 0.055774670331859, 'A003', 'C3'),
('A001', 5, 0.13767267704442, 'A003', 'C4'),
('A001', 0.333, 0.05123339658444, 'A003', 'C5'),
('A001', 5, 0.19605534294966, 'A004', 'C1'),
('A001', 3, 0.2534568057846, 'A004', 'C2'),
('A001', 2, 0.089863383369877, 'A004', 'C3'),
('A001', 0.2, 0.045061476728966, 'A004', 'C4'),
('A001', 3, 0.075007482003812, 'A004', 'C5'),
('A001', 2, 0.17094991167588, 'A005', 'C1'),
('A001', 4, 0.1714065113885, 'A005', 'C2'),
('A001', 2, 0.091591854046043, 'A005', 'C3'),
('A001', 2, 0.077410356250363, 'A005', 'C4'),
('A001', 0.333, 0.050329991435337, 'A005', 'C5'),
('A001', 5, 0.17855227882038, 'A006', 'C1'),
('A001', 2, 0.18456422336151, 'A006', 'C2'),
('A001', 0.5, 0.042858367381925, 'A006', 'C3'),
('A001', 0.2, 0.045328958729062, 'A006', 'C4'),
('A001', 0.5, 0.051107325383305, 'A006', 'C5'),
('A001', 1, 0.1980198019802, 'A007', 'C1'),
('A001', 2, 0.18456422336151, 'A007', 'C2'),
('A001', 3, 0.095736523886359, 'A007', 'C3'),
('A001', 3, 0.082589961837337, 'A007', 'C4'),
('A001', 0.5, 0.049586776859504, 'A007', 'C5'),
('A001', 5, 0.16127469972879, 'A008', 'C1'),
('A001', 2, 0.3798429982274, 'A008', 'C2'),
('A001', 0.25, 0.057471264367816, 'A008', 'C3'),
('A001', 0.333, 0.028375837765205, 'A008', 'C4'),
('A001', 0.333, 0.078187367926743, 'A008', 'C5'),
('A001', 3, 0.28801843317972, 'A009', 'C1'),
('A001', 2, 0.18750585955811, 'A009', 'C2'),
('A001', 1, 0.060916179337232, 'A009', 'C3'),
('A001', 2, 0.10256936253141, 'A009', 'C4'),
('A001', 2, 0.065573770491803, 'A009', 'C5'),
('A001', 3, 0.17822135091784, 'A010', 'C1'),
('A001', 5, 0.15625, 'A010', 'C2'),
('A001', 0.333, 0.035241824531696, 'A010', 'C3'),
('A001', 0.2, 0.045085662759243, 'A010', 'C4'),
('A001', 1, 0.045802225988183, 'A010', 'C5'),
('A002', 1, 0.20134228187919, 'A001', 'C1'),
('A002', 0.33333333333333, 0.074906367041198, 'A001', 'C2'),
('A002', 0.2, 0.011404890745942, 'A001', 'C3'),
('A002', 0.14285714285714, 0.0069082550536063, 'A001', 'C4'),
('A002', 2, 0.11209290583186, 'A001', 'C5'),
('A002', 1, 0.20368574199806, 'A002', 'C1'),
('A002', 1, 0.053097345132743, 'A002', 'C2'),
('A002', 1, 0.025639700264425, 'A002', 'C3'),
('A002', 1, 0.022733457267173, 'A002', 'C4'),
('A002', 1, 0.075265293206912, 'A002', 'C5'),
('A002', 7, 0.2413293301584, 'A003', 'C1'),
('A002', 1, 0.0593953446892, 'A003', 'C2'),
('A002', 0.143, 0.039878889287279, 'A003', 'C3'),
('A002', 0.333, 0.0091690002911581, 'A003', 'C4'),
('A002', 0.5, 0.076927021898559, 'A003', 'C5'),
('A002', 5, 0.19605534294966, 'A004', 'C1'),
('A002', 0.5, 0.0422428009641, 'A004', 'C2'),
('A002', 0.25, 0.011232922921235, 'A004', 'C3'),
('A002', 0.143, 0.032218955861211, 'A004', 'C4'),
('A002', 5, 0.12501247000635, 'A004', 'C5'),
('A002', 3, 0.25642486751382, 'A005', 'C1'),
('A002', 2, 0.085703255694248, 'A005', 'C2'),
('A002', 0.333, 0.015250043698666, 'A005', 'C3'),
('A002', 1, 0.038705178125182, 'A005', 'C4'),
('A002', 0.5, 0.075570557710716, 'A005', 'C5'),
('A002', 5, 0.17855227882038, 'A006', 'C1'),
('A002', 0.5, 0.046141055840377, 'A006', 'C2'),
('A002', 0.333, 0.028543672676362, 'A006', 'C3'),
('A002', 0.143, 0.03241020549128, 'A006', 'C4'),
('A002', 0.5, 0.051107325383305, 'A006', 'C5'),
('A002', 1, 0.1980198019802, 'A007', 'C1'),
('A002', 0.5, 0.046141055840377, 'A007', 'C2'),
('A002', 0.333, 0.010626754151386, 'A007', 'C3'),
('A002', 0.333, 0.0091674857639444, 'A007', 'C4'),
('A002', 0.5, 0.049586776859504, 'A007', 'C5'),
('A002', 5, 0.16127469972879, 'A008', 'C1'),
('A002', 0.2, 0.03798429982274, 'A008', 'C2'),
('A002', 0.2, 0.045977011494253, 'A008', 'C3'),
('A002', 0.2, 0.017042545204328, 'A008', 'C4'),
('A002', 0.333, 0.078187367926743, 'A008', 'C5'),
('A002', 2, 0.19201228878648, 'A009', 'C1'),
('A002', 0.5, 0.046876464889528, 'A009', 'C2'),
('A002', 0.25, 0.015229044834308, 'A009', 'C3'),
('A002', 0.333, 0.01707779886148, 'A009', 'C4'),
('A002', 4, 0.13114754098361, 'A009', 'C5'),
('A002', 3, 0.17822135091784, 'A010', 'C1'),
('A002', 3, 0.09375, 'A010', 'C2'),
('A002', 0.25, 0.026457826224997, 'A010', 'C3'),
('A002', 0.143, 0.032236248872858, 'A010', 'C4'),
('A002', 3, 0.13740667796455, 'A010', 'C5'),
('A003', 0.2, 0.040268456375839, 'A001', 'C1'),
('A003', 0.33333333333333, 0.074906367041198, 'A001', 'C2'),
('A003', 5, 0.28512226864854, 'A001', 'C3'),
('A003', 0.2, 0.009671557075049, 'A001', 'C4'),
('A003', 3.003003003003, 0.16830766641421, 'A001', 'C5'),
('A003', 0.14285714285714, 0.029097963142579, 'A002', 'C1'),
('A003', 1, 0.053097345132743, 'A002', 'C2'),
('A003', 6.993006993007, 0.17929860324773, 'A002', 'C3'),
('A003', 3.003003003003, 0.068268640441961, 'A002', 'C4'),
('A003', 2, 0.15053058641382, 'A002', 'C5'),
('A003', 1, 0.034475618594057, 'A003', 'C1'),
('A003', 1, 0.0593953446892, 'A003', 'C2'),
('A003', 1, 0.2788733516593, 'A003', 'C3'),
('A003', 1, 0.027534535408883, 'A003', 'C4'),
('A003', 1, 0.15385404379712, 'A003', 'C5'),
('A003', 1, 0.039211068589932, 'A004', 'C1'),
('A003', 0.5, 0.0422428009641, 'A004', 'C2'),
('A003', 5, 0.22465845842469, 'A004', 'C3'),
('A003', 0.143, 0.032218955861211, 'A004', 'C4'),
('A003', 6, 0.15001496400762, 'A004', 'C5'),
('A003', 0.333, 0.028463160294034, 'A005', 'C1'),
('A003', 2, 0.085703255694248, 'A005', 'C2'),
('A003', 5, 0.22897963511511, 'A005', 'C3'),
('A003', 0.5, 0.019352589062591, 'A005', 'C4'),
('A003', 1, 0.15114111542143, 'A005', 'C5'),
('A003', 1, 0.035710455764075, 'A006', 'C1'),
('A003', 0.5, 0.046141055840377, 'A006', 'C2'),
('A003', 4, 0.3428669390554, 'A006', 'C3'),
('A003', 0.143, 0.03241020549128, 'A006', 'C4'),
('A003', 2, 0.20442930153322, 'A006', 'C5'),
('A003', 0.2, 0.03960396039604, 'A007', 'C1'),
('A003', 0.5, 0.046141055840377, 'A007', 'C2'),
('A003', 7, 0.2233852224015, 'A007', 'C3'),
('A003', 1, 0.027529987279112, 'A007', 'C4'),
('A003', 2, 0.19834710743802, 'A007', 'C5'),
('A003', 1, 0.032254939945757, 'A008', 'C1'),
('A003', 0.333, 0.063243859204862, 'A008', 'C2'),
('A003', 1, 0.22988505747126, 'A008', 'C3'),
('A003', 0.333, 0.028375837765205, 'A008', 'C4'),
('A003', 0.5, 0.11739845034046, 'A008', 'C5'),
('A003', 0.333, 0.031970046082949, 'A009', 'C1'),
('A003', 0.5, 0.046876464889528, 'A009', 'C2'),
('A003', 5, 0.30458089668616, 'A009', 'C3'),
('A003', 0.333, 0.01707779886148, 'A009', 'C4'),
('A003', 4, 0.13114754098361, 'A009', 'C5'),
('A003', 0.5, 0.029703558486307, 'A010', 'C1'),
('A003', 3, 0.09375, 'A010', 'C2'),
('A003', 4, 0.42332521959996, 'A010', 'C3'),
('A003', 0.143, 0.032236248872858, 'A010', 'C4'),
('A003', 4, 0.18320890395273, 'A010', 'C5'),
('A004', 0.2, 0.040268456375839, 'A001', 'C1'),
('A004', 0.33333333333333, 0.074906367041198, 'A001', 'C2'),
('A004', 0.5, 0.028512226864854, 'A001', 'C3'),
('A004', 5, 0.24178892687622, 'A001', 'C4'),
('A004', 0.33333333333333, 0.018682150971977, 'A001', 'C5'),
('A004', 0.2, 0.040737148399612, 'A002', 'C1'),
('A004', 2, 0.10619469026549, 'A002', 'C2'),
('A004', 4, 0.1025588010577, 'A002', 'C3'),
('A004', 6.993006993007, 0.15897522564457, 'A002', 'C4'),
('A004', 0.2, 0.015053058641382, 'A002', 'C5'),
('A004', 1, 0.034475618594057, 'A003', 'C1'),
('A004', 2, 0.1187906893784, 'A003', 'C2'),
('A004', 0.2, 0.055774670331859, 'A003', 'C3'),
('A004', 6.993006993007, 0.19254919866352, 'A003', 'C4'),
('A004', 0.16666666666667, 0.025642340632853, 'A003', 'C5'),
('A004', 1, 0.039211068589932, 'A004', 'C1'),
('A004', 1, 0.0844856019282, 'A004', 'C2'),
('A004', 1, 0.044931691684938, 'A004', 'C3'),
('A004', 1, 0.22530738364483, 'A004', 'C4'),
('A004', 1, 0.025002494001271, 'A004', 'C5'),
('A004', 0.333, 0.028463160294034, 'A005', 'C1'),
('A004', 2, 0.085703255694248, 'A005', 'C2'),
('A004', 2, 0.091591854046043, 'A005', 'C3'),
('A004', 7, 0.27093624687627, 'A005', 'C4'),
('A004', 0.2, 0.030228223084286, 'A005', 'C5'),
('A004', 2, 0.07142091152815, 'A006', 'C1'),
('A004', 1, 0.092282111680754, 'A006', 'C2'),
('A004', 0.5, 0.042858367381925, 'A006', 'C3'),
('A004', 1, 0.22664479364531, 'A006', 'C4'),
('A004', 0.25, 0.025553662691652, 'A006', 'C5'),
('A004', 0.2, 0.03960396039604, 'A007', 'C1'),
('A004', 1, 0.092282111680754, 'A007', 'C2'),
('A004', 2, 0.063824349257572, 'A007', 'C3'),
('A004', 7, 0.19270991095379, 'A007', 'C4'),
('A004', 0.25, 0.024793388429752, 'A007', 'C5'),
('A004', 1, 0.032254939945757, 'A008', 'C1'),
('A004', 0.333, 0.063243859204862, 'A008', 'C2'),
('A004', 0.2, 0.045977011494253, 'A008', 'C3'),
('A004', 3, 0.25563817806491, 'A008', 'C4'),
('A004', 0.143, 0.03357595679737, 'A008', 'C5'),
('A004', 0.5, 0.048003072196621, 'A009', 'C1'),
('A004', 1, 0.093752929779056, 'A009', 'C2'),
('A004', 0.333, 0.020285087719298, 'A009', 'C3'),
('A004', 3, 0.15385404379712, 'A009', 'C4'),
('A004', 0.5, 0.016393442622951, 'A009', 'C5'),
('A004', 0.5, 0.029703558486307, 'A010', 'C1'),
('A004', 3, 0.09375, 'A010', 'C2'),
('A004', 0.333, 0.035241824531696, 'A010', 'C3'),
('A004', 1, 0.22542831379621, 'A010', 'C4'),
('A004', 0.333, 0.015252141254065, 'A010', 'C5'),
('A005', 0.5, 0.1006711409396, 'A001', 'C1'),
('A005', 0.25, 0.056179775280899, 'A001', 'C2'),
('A005', 0.5, 0.028512226864854, 'A001', 'C3'),
('A005', 0.5, 0.024178892687622, 'A001', 'C4'),
('A005', 3.003003003003, 0.16830766641421, 'A001', 'C5'),
('A005', 0.33333333333333, 0.067895247332686, 'A002', 'C1'),
('A005', 0.5, 0.026548672566372, 'A002', 'C2'),
('A005', 3.003003003003, 0.076996096890165, 'A002', 'C3'),
('A005', 1, 0.022733457267173, 'A002', 'C4'),
('A005', 2, 0.15053058641382, 'A002', 'C5'),
('A005', 3.003003003003, 0.10353038616834, 'A003', 'C1'),
('A005', 0.5, 0.0296976723446, 'A003', 'C2'),
('A005', 0.2, 0.055774670331859, 'A003', 'C3'),
('A005', 2, 0.055069070817766, 'A003', 'C4'),
('A005', 1, 0.15385404379712, 'A003', 'C5'),
('A005', 3.003003003003, 0.11775095672652, 'A004', 'C1'),
('A005', 0.5, 0.0422428009641, 'A004', 'C2'),
('A005', 0.5, 0.022465845842469, 'A004', 'C3'),
('A005', 0.14285714285714, 0.032186769092118, 'A004', 'C4'),
('A005', 5, 0.12501247000635, 'A004', 'C5'),
('A005', 1, 0.08547495583794, 'A005', 'C1'),
('A005', 1, 0.042851627847124, 'A005', 'C2'),
('A005', 1, 0.045795927023021, 'A005', 'C3'),
('A005', 1, 0.038705178125182, 'A005', 'C4'),
('A005', 1, 0.15114111542143, 'A005', 'C5'),
('A005', 3, 0.10713136729223, 'A006', 'C1'),
('A005', 0.5, 0.046141055840377, 'A006', 'C2'),
('A005', 0.5, 0.042858367381925, 'A006', 'C3'),
('A005', 0.25, 0.056661198411328, 'A006', 'C4'),
('A005', 2, 0.20442930153322, 'A006', 'C5'),
('A005', 0.5, 0.099009900990099, 'A007', 'C1'),
('A005', 0.5, 0.046141055840377, 'A007', 'C2'),
('A005', 2, 0.063824349257572, 'A007', 'C3'),
('A005', 3, 0.082589961837337, 'A007', 'C4'),
('A005', 2, 0.19834710743802, 'A007', 'C5'),
('A005', 5, 0.16127469972879, 'A008', 'C1'),
('A005', 0.2, 0.03798429982274, 'A008', 'C2'),
('A005', 0.25, 0.057471264367816, 'A008', 'C3'),
('A005', 0.333, 0.028375837765205, 'A008', 'C4'),
('A005', 0.5, 0.11739845034046, 'A008', 'C5'),
('A005', 0.5, 0.048003072196621, 'A009', 'C1'),
('A005', 0.333, 0.031219725616426, 'A009', 'C2'),
('A005', 0.5, 0.030458089668616, 'A009', 'C3'),
('A005', 0.5, 0.025642340632853, 'A009', 'C4'),
('A005', 4, 0.13114754098361, 'A009', 'C5'),
('A005', 2, 0.11881423394523, 'A010', 'C1'),
('A005', 3, 0.09375, 'A010', 'C2'),
('A005', 0.333, 0.035241824531696, 'A010', 'C3'),
('A005', 0.2, 0.045085662759243, 'A010', 'C4'),
('A005', 3, 0.13740667796455, 'A010', 'C5'),
('A006', 0.2, 0.040268456375839, 'A001', 'C1'),
('A006', 0.5, 0.1123595505618, 'A001', 'C2'),
('A006', 2, 0.11404890745942, 'A001', 'C3'),
('A006', 5, 0.24178892687622, 'A001', 'C4'),
('A006', 2, 0.11209290583186, 'A001', 'C5'),
('A006', 0.2, 0.040737148399612, 'A002', 'C1'),
('A006', 2, 0.10619469026549, 'A002', 'C2'),
('A006', 3.003003003003, 0.076996096890165, 'A002', 'C3'),
('A006', 6.993006993007, 0.15897522564457, 'A002', 'C4'),
('A006', 2, 0.15053058641382, 'A002', 'C5'),
('A006', 1, 0.034475618594057, 'A003', 'C1'),
('A006', 2, 0.1187906893784, 'A003', 'C2'),
('A006', 0.25, 0.069718337914824, 'A003', 'C3'),
('A006', 6.993006993007, 0.19254919866352, 'A003', 'C4'),
('A006', 0.5, 0.076927021898559, 'A003', 'C5'),
('A006', 0.5, 0.019605534294966, 'A004', 'C1'),
('A006', 1, 0.0844856019282, 'A004', 'C2'),
('A006', 2, 0.089863383369877, 'A004', 'C3'),
('A006', 1, 0.22530738364483, 'A004', 'C4'),
('A006', 4, 0.10000997600508, 'A004', 'C5'),
('A006', 0.33333333333333, 0.02849165194598, 'A005', 'C1'),
('A006', 2, 0.085703255694248, 'A005', 'C2'),
('A006', 2, 0.091591854046043, 'A005', 'C3'),
('A006', 4, 0.15482071250073, 'A005', 'C4'),
('A006', 0.5, 0.075570557710716, 'A005', 'C5'),
('A006', 1, 0.035710455764075, 'A006', 'C1'),
('A006', 1, 0.092282111680754, 'A006', 'C2'),
('A006', 1, 0.08571673476385, 'A006', 'C3'),
('A006', 1, 0.22664479364531, 'A006', 'C4'),
('A006', 1, 0.10221465076661, 'A006', 'C5'),
('A006', 0.2, 0.03960396039604, 'A007', 'C1'),
('A006', 1, 0.092282111680754, 'A007', 'C2'),
('A006', 3, 0.095736523886359, 'A007', 'C3'),
('A006', 7, 0.19270991095379, 'A007', 'C4'),
('A006', 1, 0.099173553719008, 'A007', 'C5'),
('A006', 1, 0.032254939945757, 'A008', 'C1'),
('A006', 0.333, 0.063243859204862, 'A008', 'C2'),
('A006', 0.5, 0.11494252873563, 'A008', 'C3'),
('A006', 3, 0.25563817806491, 'A008', 'C4'),
('A006', 0.5, 0.11739845034046, 'A008', 'C5'),
('A006', 0.333, 0.031970046082949, 'A009', 'C1'),
('A006', 1, 0.093752929779056, 'A009', 'C2'),
('A006', 2, 0.12183235867446, 'A009', 'C3'),
('A006', 5, 0.25642340632853, 'A009', 'C4'),
('A006', 5, 0.16393442622951, 'A009', 'C5'),
('A006', 0.5, 0.029703558486307, 'A010', 'C1'),
('A006', 3, 0.09375, 'A010', 'C2'),
('A006', 0.5, 0.052915652449995, 'A010', 'C3'),
('A006', 1, 0.22542831379621, 'A010', 'C4'),
('A006', 3, 0.13740667796455, 'A010', 'C5'),
('A007', 1, 0.20134228187919, 'A001', 'C1'),
('A007', 0.5, 0.1123595505618, 'A001', 'C2'),
('A007', 0.33333333333333, 0.019008151243236, 'A001', 'C3'),
('A007', 0.33333333333333, 0.016119261791748, 'A001', 'C4'),
('A007', 2, 0.11209290583186, 'A001', 'C5'),
('A007', 1, 0.20368574199806, 'A002', 'C1'),
('A007', 2, 0.10619469026549, 'A002', 'C2'),
('A007', 3.003003003003, 0.076996096890165, 'A002', 'C3'),
('A007', 3.003003003003, 0.068268640441961, 'A002', 'C4'),
('A007', 2, 0.15053058641382, 'A002', 'C5'),
('A007', 5, 0.17237809297029, 'A003', 'C1'),
('A007', 2, 0.1187906893784, 'A003', 'C2'),
('A007', 0.14285714285714, 0.039839050237042, 'A003', 'C3'),
('A007', 1, 0.027534535408883, 'A003', 'C4'),
('A007', 0.5, 0.076927021898559, 'A003', 'C5'),
('A007', 5, 0.19605534294966, 'A004', 'C1'),
('A007', 1, 0.0844856019282, 'A004', 'C2'),
('A007', 0.5, 0.022465845842469, 'A004', 'C3'),
('A007', 0.14285714285714, 0.032186769092118, 'A004', 'C4'),
('A007', 4, 0.10000997600508, 'A004', 'C5'),
('A007', 2, 0.17094991167588, 'A005', 'C1'),
('A007', 2, 0.085703255694248, 'A005', 'C2'),
('A007', 0.5, 0.022897963511511, 'A005', 'C3'),
('A007', 0.33333333333333, 0.012901726041727, 'A005', 'C4'),
('A007', 0.5, 0.075570557710716, 'A005', 'C5'),
('A007', 5, 0.17855227882038, 'A006', 'C1'),
('A007', 1, 0.092282111680754, 'A006', 'C2'),
('A007', 0.33333333333333, 0.028572244921283, 'A006', 'C3'),
('A007', 0.14285714285714, 0.032377827663615, 'A006', 'C4'),
('A007', 1, 0.10221465076661, 'A006', 'C5'),
('A007', 1, 0.1980198019802, 'A007', 'C1'),
('A007', 1, 0.092282111680754, 'A007', 'C2'),
('A007', 1, 0.031912174628786, 'A007', 'C3'),
('A007', 1, 0.027529987279112, 'A007', 'C4'),
('A007', 1, 0.099173553719008, 'A007', 'C5'),
('A007', 5, 0.16127469972879, 'A008', 'C1'),
('A007', 0.333, 0.063243859204862, 'A008', 'C2'),
('A007', 0.2, 0.045977011494253, 'A008', 'C3'),
('A007', 0.2, 0.017042545204328, 'A008', 'C4'),
('A007', 0.5, 0.11739845034046, 'A008', 'C5'),
('A007', 2, 0.19201228878648, 'A009', 'C1'),
('A007', 1, 0.093752929779056, 'A009', 'C2'),
('A007', 0.333, 0.020285087719298, 'A009', 'C3'),
('A007', 0.333, 0.01707779886148, 'A009', 'C4'),
('A007', 3, 0.098360655737705, 'A009', 'C5'),
('A007', 4, 0.23762846789045, 'A010', 'C1'),
('A007', 3, 0.09375, 'A010', 'C2'),
('A007', 0.2, 0.021166260979998, 'A010', 'C3'),
('A007', 0.167, 0.037646528403968, 'A010', 'C4'),
('A007', 2, 0.091604451976366, 'A010', 'C5'),
('A008', 0.2, 0.040268456375839, 'A001', 'C1'),
('A008', 0.5, 0.1123595505618, 'A001', 'C2'),
('A008', 4, 0.22809781491883, 'A001', 'C3'),
('A008', 3.003003003003, 0.14521857470043, 'A001', 'C4'),
('A008', 3.003003003003, 0.16830766641421, 'A001', 'C5'),
('A008', 0.2, 0.040737148399612, 'A002', 'C1'),
('A008', 5, 0.26548672566372, 'A002', 'C2'),
('A008', 5, 0.12819850132213, 'A002', 'C3'),
('A008', 5, 0.11366728633586, 'A002', 'C4'),
('A008', 3.003003003003, 0.22602190152226, 'A002', 'C5'),
('A008', 1, 0.034475618594057, 'A003', 'C1'),
('A008', 3.003003003003, 0.17836439846607, 'A003', 'C2'),
('A008', 1, 0.2788733516593, 'A003', 'C3'),
('A008', 3.003003003003, 0.082686292519169, 'A003', 'C4'),
('A008', 2, 0.30770808759424, 'A003', 'C5'),
('A008', 1, 0.039211068589932, 'A004', 'C1'),
('A008', 3.003003003003, 0.2537105163009, 'A004', 'C2'),
('A008', 5, 0.22465845842469, 'A004', 'C3'),
('A008', 0.33333333333333, 0.075102461214943, 'A004', 'C4'),
('A008', 6.993006993007, 0.1748426153935, 'A004', 'C5'),
('A008', 0.2, 0.017094991167588, 'A005', 'C1'),
('A008', 5, 0.21425813923562, 'A005', 'C2'),
('A008', 4, 0.18318370809209, 'A005', 'C3'),
('A008', 3.003003003003, 0.11623176614169, 'A005', 'C4'),
('A008', 2, 0.30228223084286, 'A005', 'C5'),
('A008', 1, 0.035710455764075, 'A006', 'C1'),
('A008', 3.003003003003, 0.27712345850076, 'A006', 'C2'),
('A008', 2, 0.1714334695277, 'A006', 'C3'),
('A008', 0.33333333333333, 0.075548264548437, 'A006', 'C4'),
('A008', 2, 0.20442930153322, 'A006', 'C5'),
('A008', 0.2, 0.03960396039604, 'A007', 'C1'),
('A008', 3.003003003003, 0.27712345850076, 'A007', 'C2'),
('A008', 5, 0.15956087314393, 'A007', 'C3'),
('A008', 5, 0.13764993639556, 'A007', 'C4'),
('A008', 2, 0.19834710743802, 'A007', 'C5'),
('A008', 1, 0.032254939945757, 'A008', 'C1'),
('A008', 1, 0.1899214991137, 'A008', 'C2'),
('A008', 1, 0.22988505747126, 'A008', 'C3'),
('A008', 1, 0.085212726021638, 'A008', 'C4'),
('A008', 1, 0.23479690068091, 'A008', 'C5'),
('A008', 0.25, 0.02400153609831, 'A009', 'C1'),
('A008', 3, 0.28125878933717, 'A009', 'C2'),
('A008', 4, 0.24366471734893, 'A009', 'C3'),
('A008', 3, 0.15385404379712, 'A009', 'C4'),
('A008', 5, 0.16393442622951, 'A009', 'C5'),
('A008', 0.333, 0.01978256995188, 'A010', 'C1'),
('A008', 5, 0.15625, 'A010', 'C2'),
('A008', 2, 0.21166260979998, 'A010', 'C3'),
('A008', 0.333, 0.075067628494139, 'A010', 'C4'),
('A008', 4, 0.18320890395273, 'A010', 'C5'),
('A009', 0.33333333333333, 0.067114093959731, 'A001', 'C1'),
('A009', 0.5, 0.1123595505618, 'A001', 'C2'),
('A009', 1, 0.057024453729708, 'A001', 'C3'),
('A009', 0.5, 0.024178892687622, 'A001', 'C4'),
('A009', 0.5, 0.028023226457965, 'A001', 'C5'),
('A009', 0.5, 0.10184287099903, 'A002', 'C1'),
('A009', 2, 0.10619469026549, 'A002', 'C2'),
('A009', 4, 0.1025588010577, 'A002', 'C3'),
('A009', 3.003003003003, 0.068268640441961, 'A002', 'C4'),
('A009', 0.25, 0.018816323301728, 'A002', 'C5'),
('A009', 3.003003003003, 0.10353038616834, 'A003', 'C1'),
('A009', 2, 0.1187906893784, 'A003', 'C2'),
('A009', 0.2, 0.055774670331859, 'A003', 'C3'),
('A009', 3.003003003003, 0.082686292519169, 'A003', 'C4'),
('A009', 0.25, 0.038463510949279, 'A003', 'C5'),
('A009', 2, 0.078422137179865, 'A004', 'C1'),
('A009', 1, 0.0844856019282, 'A004', 'C2'),
('A009', 3.003003003003, 0.13493000505988, 'A004', 'C3'),
('A009', 0.33333333333333, 0.075102461214943, 'A004', 'C4'),
('A009', 2, 0.050004988002541, 'A004', 'C5'),
('A009', 2, 0.17094991167588, 'A005', 'C1'),
('A009', 3.003003003003, 0.12868356710848, 'A005', 'C2'),
('A009', 2, 0.091591854046043, 'A005', 'C3'),
('A009', 2, 0.077410356250363, 'A005', 'C4'),
('A009', 0.25, 0.037785278855358, 'A005', 'C5'),
('A009', 3.003003003003, 0.10723860589812, 'A006', 'C1'),
('A009', 1, 0.092282111680754, 'A006', 'C2'),
('A009', 0.5, 0.042858367381925, 'A006', 'C3'),
('A009', 0.2, 0.045328958729062, 'A006', 'C4'),
('A009', 0.2, 0.020442930153322, 'A006', 'C5'),
('A009', 0.5, 0.099009900990099, 'A007', 'C1'),
('A009', 1, 0.092282111680754, 'A007', 'C2'),
('A009', 3.003003003003, 0.095832356242601, 'A007', 'C3'),
('A009', 3.003003003003, 0.082672634471808, 'A007', 'C4'),
('A009', 0.33333333333333, 0.033057851239669, 'A007', 'C5'),
('A009', 4, 0.12901975978303, 'A008', 'C1'),
('A009', 0.33333333333333, 0.063307166371233, 'A008', 'C2'),
('A009', 0.25, 0.057471264367816, 'A008', 'C3'),
('A009', 0.33333333333333, 0.028404242007212, 'A008', 'C4'),
('A009', 0.2, 0.046959380136182, 'A008', 'C5'),
('A009', 1, 0.096006144393241, 'A009', 'C1'),
('A009', 1, 0.093752929779056, 'A009', 'C2'),
('A009', 1, 0.060916179337232, 'A009', 'C3'),
('A009', 1, 0.051284681265706, 'A009', 'C4'),
('A009', 1, 0.032786885245902, 'A009', 'C5'),
('A009', 2, 0.11881423394523, 'A010', 'C1'),
('A009', 3, 0.09375, 'A010', 'C2'),
('A009', 0.5, 0.052915652449995, 'A010', 'C3'),
('A009', 0.25, 0.056357078449053, 'A010', 'C4'),
('A009', 0.5, 0.022901112994092, 'A010', 'C5'),
('A010', 0.33333333333333, 0.067114093959731, 'A001', 'C1'),
('A010', 0.2, 0.044943820224719, 'A001', 'C2'),
('A010', 3.003003003003, 0.17124460579492, 'A001', 'C3'),
('A010', 5, 0.24178892687622, 'A001', 'C4'),
('A010', 1, 0.05604645291593, 'A001', 'C5'),
('A010', 0.33333333333333, 0.067895247332686, 'A002', 'C1'),
('A010', 0.33333333333333, 0.017699115044248, 'A002', 'C2'),
('A010', 4, 0.1025588010577, 'A002', 'C3'),
('A010', 6.993006993007, 0.15897522564457, 'A002', 'C4'),
('A010', 0.33333333333333, 0.02508843106897, 'A002', 'C5'),
('A010', 2, 0.068951237188115, 'A003', 'C1'),
('A010', 0.33333333333333, 0.019798448229733, 'A003', 'C2'),
('A010', 0.25, 0.069718337914824, 'A003', 'C3'),
('A010', 6.993006993007, 0.19254919866352, 'A003', 'C4'),
('A010', 0.25, 0.038463510949279, 'A003', 'C5'),
('A010', 2, 0.078422137179865, 'A004', 'C1'),
('A010', 0.33333333333333, 0.0281618673094, 'A004', 'C2'),
('A010', 3.003003003003, 0.13493000505988, 'A004', 'C3'),
('A010', 1, 0.22530738364483, 'A004', 'C4'),
('A010', 3.003003003003, 0.07508256456838, 'A004', 'C5'),
('A010', 0.5, 0.04273747791897, 'A005', 'C1'),
('A010', 0.33333333333333, 0.014283875949041, 'A005', 'C2'),
('A010', 3.003003003003, 0.13752530637544, 'A005', 'C3'),
('A010', 5, 0.19352589062591, 'A005', 'C4'),
('A010', 0.33333333333333, 0.050380371807143, 'A005', 'C5'),
('A010', 2, 0.07142091152815, 'A006', 'C1'),
('A010', 0.33333333333333, 0.030760703893584, 'A006', 'C2'),
('A010', 2, 0.1714334695277, 'A006', 'C3'),
('A010', 1, 0.22664479364531, 'A006', 'C4'),
('A010', 0.33333333333333, 0.034071550255536, 'A006', 'C5'),
('A010', 0.25, 0.04950495049505, 'A007', 'C1'),
('A010', 0.33333333333333, 0.030760703893584, 'A007', 'C2'),
('A010', 5, 0.15956087314393, 'A007', 'C3'),
('A010', 5.9880239520958, 0.16485022322822, 'A007', 'C4'),
('A010', 0.5, 0.049586776859504, 'A007', 'C5'),
('A010', 3.003003003003, 0.096861681518791, 'A008', 'C1'),
('A010', 0.2, 0.03798429982274, 'A008', 'C2'),
('A010', 0.5, 0.11494252873563, 'A008', 'C3'),
('A010', 3.003003003003, 0.25589407213705, 'A008', 'C4'),
('A010', 0.25, 0.058699225170228, 'A008', 'C5'),
('A010', 0.5, 0.048003072196621, 'A009', 'C1'),
('A010', 0.33333333333333, 0.031250976593018, 'A009', 'C2'),
('A010', 2, 0.12183235867446, 'A009', 'C3'),
('A010', 4, 0.20513872506282, 'A009', 'C4'),
('A010', 2, 0.065573770491803, 'A009', 'C5'),
('A010', 1, 0.059407116972613, 'A010', 'C1'),
('A010', 1, 0.03125, 'A010', 'C2'),
('A010', 1, 0.10583130489999, 'A010', 'C3'),
('A010', 1, 0.22542831379621, 'A010', 'C4'),
('A010', 1, 0.045802225988183, 'A010', 'C5');

-- --------------------------------------------------------

--
-- Table structure for table `analisa_kriteria`
--

CREATE TABLE IF NOT EXISTS `analisa_kriteria` (
  `kriteria_pertama` varchar(2) NOT NULL,
  `nilai_analisa_kriteria` double NOT NULL,
  `hasil_analisa_kriteria` double NOT NULL,
  `kriteria_kedua` varchar(2) NOT NULL,
  PRIMARY KEY (`kriteria_pertama`,`kriteria_kedua`),
  KEY `kriteria_kedua` (`kriteria_kedua`)
) ENGINE=InnoDB DEFAULT CHARSET=latin1;

--
-- Dumping data for table `analisa_kriteria`
--

INSERT INTO `analisa_kriteria` (`kriteria_pertama`, `nilai_analisa_kriteria`, `hasil_analisa_kriteria`, `kriteria_kedua`) VALUES
('C1', 1, 0.48951048951049, 'C1'),
('C1', 2, 0.55555555555556, 'C2'),
('C1', 5, 0.42253521126761, 'C3'),
('C1', 5, 0.37037037037037, 'C4'),
('C1', 7, 0.38888888888889, 'C5'),
('C2', 0.5, 0.24475524475525, 'C1'),
('C2', 1, 0.27777777777778, 'C2'),
('C2', 5, 0.42253521126761, 'C3'),
('C2', 5, 0.37037037037037, 'C4'),
('C2', 5, 0.27777777777778, 'C5'),
('C3', 0.2, 0.097902097902098, 'C1'),
('C3', 0.2, 0.055555555555556, 'C2'),
('C3', 1, 0.084507042253521, 'C3'),
('C3', 2, 0.14814814814815, 'C4'),
('C3', 3, 0.16666666666667, 'C5'),
('C4', 0.2, 0.097902097902098, 'C1'),
('C4', 0.2, 0.055555555555556, 'C2'),
('C4', 0.5, 0.042253521126761, 'C3'),
('C4', 1, 0.074074074074074, 'C4'),
('C4', 2, 0.11111111111111, 'C5'),
('C5', 0.14285714285714, 0.069930069930069, 'C1'),
('C5', 0.2, 0.055555555555556, 'C2'),
('C5', 0.33333333333333, 0.028169014084507, 'C3'),
('C5', 0.5, 0.037037037037037, 'C4'),
('C5', 1, 0.055555555555556, 'C5');

-- --------------------------------------------------------

--
-- Table structure for table `data_alternatif`
--

CREATE TABLE IF NOT EXISTS `data_alternatif` (
  `id_alternatif` varchar(4) NOT NULL,
  `id_kelas` int(11) NOT NULL,
  `nis` char(18) NOT NULL,
  `nama` varchar(45) NOT NULL,
  `tempat_lahir` varchar(100) NOT NULL,
  `tanggal_lahir` date NOT NULL,
  `kelamin` enum('pria','wanita') NOT NULL,
  `alamat` varchar(255) NOT NULL,
  `hasil_akhir` double DEFAULT NULL,
  PRIMARY KEY (`id_alternatif`),
  KEY `id_kelas` (`id_kelas`)
) ENGINE=InnoDB DEFAULT CHARSET=latin1;

--
-- Dumping data for table `data_alternatif`
--

INSERT INTO `data_alternatif` (`id_alternatif`, `id_kelas`, `nis`, `nama`, `tempat_lahir`, `tanggal_lahir`, `kelamin`, `alamat`, `hasil_akhir`) VALUES
('A001', 1, '1', 'Dianita Istikamawati', 'Yogyakarta', '2002-07-31', 'wanita', 'Jl. Merdeka, Curup, Palembang', 0.12150112933519451),
('A002', 1, '2', 'Imam Muslim', 'Bekasi', '2001-07-09', 'pria', 'Desa Petung, Bejen, Temanggung, Jawa Tengah', 0.0790673959902109),
('A003', 3, '3', 'Cahyadi', 'Bekasi', '2002-01-02', 'pria', 'Desa Petung, Bejen, Temanggung, Jawa Tengah', 0.1115257693139958),
('A004', 1, '4', 'Suryani', 'Kretek', '2002-01-02', 'wanita', 'Sukoharjo', 0.084301969538396),
('A005', 1, '5', 'Ratih Pratiwiningtyas', 'Semarang', '2002-01-02', 'wanita', 'Sukoharjo', 0.0774102927829943),
('A006', 2, '6', 'Annis Kurniawati', 'Bekasi', '2003-12-06', 'wanita', 'Sukoharjo', 0.10909146811297189),
('A007', 2, '7', 'Wiwid Hartanto', 'Yogyakarta', '2003-12-06', 'pria', 'Jl. Merdeka, Curup, Palembang', 0.08992864053820289),
('A008', 2, '8', 'Nurcahyani Saputri', 'Bejen', '2002-01-02', 'wanita', 'Jl. Merdeka, Curup, Palembang', 0.1562466792888576),
('A009', 3, '9', 'Rini Susanti', 'Kretek', '2002-07-31', 'wanita', 'Sukoharjo', 0.0746129158624888),
('A010', 1, '10', 'Ratna Tri Astuti', 'Bekasi', '2002-07-31', 'wanita', 'Jl. Merdeka, Curup, Palembang', 0.09631373923669581);

-- --------------------------------------------------------

--
-- Table structure for table `data_kriteria`
--

CREATE TABLE IF NOT EXISTS `data_kriteria` (
  `id_kriteria` varchar(2) NOT NULL,
  `nama_kriteria` varchar(45) NOT NULL,
  `jumlah_kriteria` double NOT NULL,
  `bobot_kriteria` double NOT NULL,
  PRIMARY KEY (`id_kriteria`)
) ENGINE=InnoDB DEFAULT CHARSET=latin1;

--
-- Dumping data for table `data_kriteria`
--

INSERT INTO `data_kriteria` (`id_kriteria`, `nama_kriteria`, `jumlah_kriteria`, `bobot_kriteria`) VALUES
('C1', 'Lomba Nasional', 2.04285714285714, 0.44537210311858405),
('C2', 'Nilai Raport', 3.6000000000000005, 0.318643276389758),
('C3', 'Membaca Al-Qur''an', 11.83333333333333, 0.11055590210519899),
('C4', 'Membaca Kitab', 13.5, 0.0761792719539198),
('C5', 'Ekstrakulikuler', 18, 0.049249446432545);

-- --------------------------------------------------------

--
-- Table structure for table `jum_alt_kri`
--

CREATE TABLE IF NOT EXISTS `jum_alt_kri` (
  `id_alternatif` varchar(4) NOT NULL,
  `id_kriteria` varchar(2) NOT NULL,
  `jumlah_alt_kri` double NOT NULL,
  `skor_alt_kri` double NOT NULL,
  `hasil_alt_kri` double NOT NULL,
  PRIMARY KEY (`id_alternatif`,`id_kriteria`),
  KEY `id_kriteria` (`id_kriteria`)
) ENGINE=InnoDB DEFAULT CHARSET=latin1;

--
-- Dumping data for table `jum_alt_kri`
--

INSERT INTO `jum_alt_kri` (`id_alternatif`, `id_kriteria`, `jumlah_alt_kri`, `skor_alt_kri`, `hasil_alt_kri`) VALUES
('A001', 'C1', 4.9666666666666615, 0.12150112933519383, 0.054113213503298),
('A001', 'C2', 4.4499999999999895, 0.12150112933519383, 0.038715517936422),
('A001', 'C3', 17.53633633633633, 0.12150112933519383, 0.013432666960453),
('A001', 'C4', 20.679193479193472, 0.12150112933519383, 0.0092558675743341),
('A001', 'C5', 17.84234234234233, 0.12150112933519383, 0.0059838633606874),
('A002', 'C1', 4.909523809523801, 0.07906739599021029, 0.03521441244027),
('A002', 'C2', 18.83333333333333, 0.07906739599021029, 0.025194294113927),
('A002', 'C3', 39.002016002016006, 0.07906739599021029, 0.0087413672908067),
('A002', 'C4', 43.98802998803, 0.07906739599021029, 0.0060232966618265),
('A002', 'C5', 13.28633633633633, 0.07906739599021029, 0.0038940254833807),
('A003', 'C1', 29.006006006006004, 0.11152576931399441, 0.049670466431292),
('A003', 'C2', 16.83633633633633, 0.11152576931399441, 0.0355369365361),
('A003', 'C3', 3.58585714285714, 0.11152576931399441, 0.012329832034485),
('A003', 'C4', 36.318026985027004, 0.11152576931399441, 0.0084959519104409),
('A003', 'C5', 6.49966666666667, 0.11152576931399441, 0.0054925824016779),
('A004', 'C1', 25.503003003003002, 0.08430196953839517, 0.037545745470354),
('A004', 'C2', 11.83633633633633, 0.08430196953839517, 0.026862255779824),
('A004', 'C3', 22.256006006006004, 0.08430196953839517, 0.0093200802915623),
('A004', 'C4', 4.43838095238094, 0.08430196953839517, 0.0064220626637165),
('A004', 'C5', 39.99600999601, 0.08430196953839517, 0.0041518253329392),
('A005', 'C1', 11.69933333333333, 0.07741029278299362, 0.034476384899787),
('A005', 'C2', 23.33633633633633, 0.07741029278299362, 0.024666269318664),
('A005', 'C3', 21.836003003003, 0.07741029278299362, 0.0085581647508514),
('A005', 'C4', 25.83633633633633, 0.07741029278299362, 0.0058970597459482),
('A005', 'C5', 6.61633333333333, 0.07741029278299362, 0.0038124140677437),
('A006', 'C1', 28.003003003003002, 0.1090914681129712, 0.048586296585768),
('A006', 'C2', 10.83633633633633, 0.1090914681129712, 0.034761262825686),
('A006', 'C3', 11.66633333333333, 0.1090914681129712, 0.01206070566921),
('A006', 'C4', 4.41219047619047, 0.1090914681129712, 0.0083105086172304),
('A006', 'C5', 9.78333333333333, 0.1090914681129712, 0.0053726944150775),
('A007', 'C1', 5.050000000000001, 0.08992864053820217, 0.040051707767094),
('A007', 'C2', 10.83633633633633, 0.08992864053820217, 0.02865515666237),
('A007', 'C3', 31.336003003003, 0.08992864053820217, 0.0099421419797951),
('A007', 'C4', 36.3240269550988, 0.08992864053820217, 0.006850698364006),
('A007', 'C5', 10.08333333333333, 0.08992864053820217, 0.0044289357649378),
('A008', 'C1', 31.003003003003002, 0.15624667928885747, 0.069587912160173),
('A008', 'C2', 5.265333333333332, 0.15624667928885747, 0.049786953813621),
('A008', 'C3', 4.35, 0.15624667928885747, 0.017273992579721),
('A008', 'C4', 11.735336336336331, 0.15624667928885747, 0.011902758273443),
('A008', 'C5', 4.259, 0.15624667928885747, 0.0076950624618996),
('A009', 'C1', 10.416, 0.07461291586248855, 0.033230511257486),
('A009', 'C2', 10.66633333333333, 0.07461291586248855, 0.023774903971417),
('A009', 'C3', 16.416, 0.07461291586248855, 0.0082488982218767),
('A009', 'C4', 19.499000000000002, 0.07461291586248855, 0.0056839576087635),
('A009', 'C5', 30.5, 0.07461291586248855, 0.0036746448029456),
('A010', 'C1', 16.833, 0.09631373923669503, 0.042895452603062),
('A010', 'C2', 32, 0.09631373923669503, 0.030689725431729),
('A010', 'C3', 9.449000000000002, 0.09631373923669503, 0.010648052326438),
('A010', 'C4', 4.436, 0.09631373923669503, 0.0073371105342111),
('A010', 'C5', 21.833, 0.09631373923669503, 0.0047433983412557);

-- --------------------------------------------------------

--
-- Table structure for table `kelas`
--

CREATE TABLE IF NOT EXISTS `kelas` (
  `id_kelas` int(11) NOT NULL AUTO_INCREMENT,
  `nama_kelas` varchar(50) NOT NULL,
  PRIMARY KEY (`id_kelas`)
) ENGINE=InnoDB  DEFAULT CHARSET=latin1 AUTO_INCREMENT=4 ;

--
-- Dumping data for table `kelas`
--

INSERT INTO `kelas` (`id_kelas`, `nama_kelas`) VALUES
(1, 'Kelas Satu'),
(2, 'Kelas Dua'),
(3, 'Kelas Tiga');

-- --------------------------------------------------------

--
-- Table structure for table `nilai`
--

CREATE TABLE IF NOT EXISTS `nilai` (
  `id_nilai` int(11) NOT NULL AUTO_INCREMENT,
  `jum_nilai` double NOT NULL,
  `ket_nilai` text NOT NULL,
  PRIMARY KEY (`id_nilai`)
) ENGINE=InnoDB  DEFAULT CHARSET=latin1 AUTO_INCREMENT=23 ;

--
-- Dumping data for table `nilai`
--

INSERT INTO `nilai` (`id_nilai`, `jum_nilai`, `ket_nilai`) VALUES
(2, 9, 'Mutlak sangat penting dari'),
(3, 8, 'Mendekati mutlak dari'),
(8, 7, 'Sangat penting dari'),
(9, 6, 'Mendekati sangat penting dari'),
(10, 5, 'Lebih penting dari'),
(11, 4, 'Mendekati lebih penting dari'),
(12, 3, 'Sedikit lebih penting dari'),
(13, 2, 'Mendekati sedikit lebih penting dari'),
(14, 1, 'Sama penting dengan'),
(15, 0.5, '1 bagi mendekati sedikit lebih penting dari'),
(16, 0.333, '1 bagi sedikit lebih penting dari'),
(17, 0.25, '1 bagi mendekati lebih penting dari'),
(18, 0.2, '1 bagi lebih penting dari'),
(19, 0.167, '1 bagi mendekati sangat penting dari'),
(20, 0.143, '1 bagi sangat penting dari'),
(21, 0.125, '1 bagi mendekati mutlak dari'),
(22, 0.1, '1 bagi mutlak sangat penting dari');

-- --------------------------------------------------------

--
-- Table structure for table `nilai_awal`
--

CREATE TABLE IF NOT EXISTS `nilai_awal` (
  `id_nilai_awal` int(11) NOT NULL AUTO_INCREMENT,
  `id_alternatif` varchar(4) NOT NULL,
  `nilai` varchar(5) NOT NULL,
  `keterangan` enum('B','C','K') NOT NULL,
  `periode` varchar(4) NOT NULL,
  PRIMARY KEY (`id_nilai_awal`,`id_alternatif`),
  KEY `alternatif` (`id_alternatif`)
) ENGINE=InnoDB  DEFAULT CHARSET=latin1 AUTO_INCREMENT=27 ;

--
-- Dumping data for table `nilai_awal`
--

INSERT INTO `nilai_awal` (`id_nilai_awal`, `id_alternatif`, `nilai`, `keterangan`, `periode`) VALUES
(17, 'A001', '88', 'B', '2019'),
(18, 'A002', '88', 'B', '2019'),
(19, 'A003', '88', 'B', '2019'),
(20, 'A004', '88', 'B', '2019'),
(21, 'A005', '88', 'B', '2019'),
(22, 'A006', '88', 'B', '2019'),
(23, 'A007', '88', 'B', '2019'),
(24, 'A008', '88', 'B', '2019'),
(25, 'A009', '88', 'B', '2019'),
(26, 'A010', '88', 'B', '2019');

-- --------------------------------------------------------

--
-- Table structure for table `nilai_awal_detail`
--

CREATE TABLE IF NOT EXISTS `nilai_awal_detail` (
  `id_nilai_awal_detail` int(11) NOT NULL AUTO_INCREMENT,
  `id_nilai_awal` int(11) NOT NULL,
  `id_kriteria` varchar(2) NOT NULL,
  `nilai` int(2) NOT NULL,
  PRIMARY KEY (`id_nilai_awal_detail`,`id_nilai_awal`),
  KEY `alternatif` (`id_nilai_awal`),
  KEY `id_kriteria` (`id_kriteria`)
) ENGINE=InnoDB  DEFAULT CHARSET=latin1 AUTO_INCREMENT=131 ;

--
-- Dumping data for table `nilai_awal_detail`
--

INSERT INTO `nilai_awal_detail` (`id_nilai_awal_detail`, `id_nilai_awal`, `id_kriteria`, `nilai`) VALUES
(81, 17, 'C1', 88),
(82, 17, 'C2', 88),
(83, 17, 'C3', 88),
(84, 17, 'C4', 88),
(85, 17, 'C5', 88),
(86, 18, 'C1', 88),
(87, 18, 'C2', 88),
(88, 18, 'C3', 88),
(89, 18, 'C4', 88),
(90, 18, 'C5', 88),
(91, 19, 'C1', 88),
(92, 19, 'C2', 88),
(93, 19, 'C3', 88),
(94, 19, 'C4', 88),
(95, 19, 'C5', 88),
(96, 20, 'C1', 88),
(97, 20, 'C2', 88),
(98, 20, 'C3', 88),
(99, 20, 'C4', 88),
(100, 20, 'C5', 88),
(101, 21, 'C1', 88),
(102, 21, 'C2', 88),
(103, 21, 'C3', 88),
(104, 21, 'C4', 88),
(105, 21, 'C5', 88),
(106, 22, 'C1', 88),
(107, 22, 'C2', 88),
(108, 22, 'C3', 88),
(109, 22, 'C4', 88),
(110, 22, 'C5', 88),
(111, 23, 'C1', 88),
(112, 23, 'C2', 88),
(113, 23, 'C3', 88),
(114, 23, 'C4', 88),
(115, 23, 'C5', 88),
(116, 24, 'C1', 88),
(117, 24, 'C2', 88),
(118, 24, 'C3', 88),
(119, 24, 'C4', 88),
(120, 24, 'C5', 88),
(121, 25, 'C1', 88),
(122, 25, 'C2', 88),
(123, 25, 'C3', 88),
(124, 25, 'C4', 88),
(125, 25, 'C5', 88),
(126, 26, 'C1', 88),
(127, 26, 'C2', 88),
(128, 26, 'C3', 88),
(129, 26, 'C4', 88),
(130, 26, 'C5', 88);

-- --------------------------------------------------------

--
-- Table structure for table `pengguna`
--

CREATE TABLE IF NOT EXISTS `pengguna` (
  `id_pengguna` int(11) NOT NULL AUTO_INCREMENT,
  `nama_lengkap` varchar(255) NOT NULL,
  `role` enum('kepsek','kesiswaan') NOT NULL,
  `username` varchar(100) NOT NULL,
  `password` varchar(100) NOT NULL,
  PRIMARY KEY (`id_pengguna`)
) ENGINE=InnoDB  DEFAULT CHARSET=latin1 AUTO_INCREMENT=5 ;

--
-- Dumping data for table `pengguna`
--

INSERT INTO `pengguna` (`id_pengguna`, `nama_lengkap`, `role`, `username`, `password`) VALUES
(1, 'Humaid', 'kesiswaan', 'kesiswaan', 'accc7841ce41b0f788a737bf9798ea4f'),
(3, 'Imam Supangat', 'kepsek', 'kesiswaan', '715f1bbb0f4dbaac78126b618487e609'),
(4, 'Muhammad', 'kepsek', 'muhammad', 'a7777999e260290f68a1455cacdabf6c');

-- --------------------------------------------------------

--
-- Table structure for table `ranking`
--

CREATE TABLE IF NOT EXISTS `ranking` (
  `kriteria` varchar(2) NOT NULL,
  `skor_bobot` double NOT NULL,
  `alternatif` varchar(4) NOT NULL,
  PRIMARY KEY (`kriteria`,`alternatif`),
  KEY `alternatif` (`alternatif`)
) ENGINE=InnoDB DEFAULT CHARSET=latin1;

--
-- Constraints for dumped tables
--

--
-- Constraints for table `analisa_alternatif`
--
ALTER TABLE `analisa_alternatif`
  ADD CONSTRAINT `analisa_alternatif_ibfk_1` FOREIGN KEY (`id_kriteria`) REFERENCES `data_kriteria` (`id_kriteria`) ON DELETE CASCADE ON UPDATE CASCADE,
  ADD CONSTRAINT `analisa_alternatif_ibfk_2` FOREIGN KEY (`alternatif_pertama`) REFERENCES `data_alternatif` (`id_alternatif`) ON DELETE CASCADE ON UPDATE CASCADE,
  ADD CONSTRAINT `analisa_alternatif_ibfk_3` FOREIGN KEY (`alternatif_kedua`) REFERENCES `data_alternatif` (`id_alternatif`) ON DELETE CASCADE ON UPDATE CASCADE;

--
-- Constraints for table `analisa_kriteria`
--
ALTER TABLE `analisa_kriteria`
  ADD CONSTRAINT `analisa_kriteria_ibfk_1` FOREIGN KEY (`kriteria_pertama`) REFERENCES `data_kriteria` (`id_kriteria`) ON DELETE CASCADE ON UPDATE CASCADE,
  ADD CONSTRAINT `analisa_kriteria_ibfk_2` FOREIGN KEY (`kriteria_kedua`) REFERENCES `data_kriteria` (`id_kriteria`) ON DELETE CASCADE ON UPDATE CASCADE;

--
-- Constraints for table `data_alternatif`
--
ALTER TABLE `data_alternatif`
  ADD CONSTRAINT `data_alternatif_ibfk_1` FOREIGN KEY (`id_kelas`) REFERENCES `kelas` (`id_kelas`) ON DELETE CASCADE ON UPDATE CASCADE;

--
-- Constraints for table `jum_alt_kri`
--
ALTER TABLE `jum_alt_kri`
  ADD CONSTRAINT `jum_alt_kri_ibfk_1` FOREIGN KEY (`id_kriteria`) REFERENCES `data_kriteria` (`id_kriteria`) ON DELETE CASCADE ON UPDATE CASCADE,
  ADD CONSTRAINT `jum_alt_kri_ibfk_2` FOREIGN KEY (`id_alternatif`) REFERENCES `data_alternatif` (`id_alternatif`) ON DELETE CASCADE ON UPDATE CASCADE;

--
-- Constraints for table `nilai_awal`
--
ALTER TABLE `nilai_awal`
  ADD CONSTRAINT `nilai_awal_ibfk_1` FOREIGN KEY (`id_alternatif`) REFERENCES `data_alternatif` (`id_alternatif`) ON DELETE CASCADE ON UPDATE CASCADE;

--
-- Constraints for table `nilai_awal_detail`
--
ALTER TABLE `nilai_awal_detail`
  ADD CONSTRAINT `nilai_awal_detail_ibfk_1` FOREIGN KEY (`id_kriteria`) REFERENCES `data_kriteria` (`id_kriteria`) ON DELETE CASCADE ON UPDATE CASCADE,
  ADD CONSTRAINT `nilai_awal_detail_ibfk_2` FOREIGN KEY (`id_nilai_awal`) REFERENCES `nilai_awal` (`id_nilai_awal`) ON DELETE CASCADE ON UPDATE CASCADE;

--
-- Constraints for table `ranking`
--
ALTER TABLE `ranking`
  ADD CONSTRAINT `ranking_ibfk_1` FOREIGN KEY (`kriteria`) REFERENCES `data_kriteria` (`id_kriteria`) ON DELETE CASCADE ON UPDATE CASCADE,
  ADD CONSTRAINT `ranking_ibfk_2` FOREIGN KEY (`alternatif`) REFERENCES `data_alternatif` (`id_alternatif`) ON DELETE CASCADE ON UPDATE CASCADE;

/*!40101 SET CHARACTER_SET_CLIENT=@OLD_CHARACTER_SET_CLIENT */;
/*!40101 SET CHARACTER_SET_RESULTS=@OLD_CHARACTER_SET_RESULTS */;
/*!40101 SET COLLATION_CONNECTION=@OLD_COLLATION_CONNECTION */;
